sentence,option_a,option_b,option_c,option_d,correct_answer,explanation,level
Die Aufgabe war sehr ___.,schwierig,kompliziert,anspruchsvoll,mühsam,anspruchsvoll,Implies the task requires high intellectual demand rather than simple difficulty.,B2
Wir müssen eine Entscheidung ___.,machen,treffen,bilden,nehmen,treffen,Fixed German collocation: eine Entscheidung treffen.,A2
Das Problem ist ziemlich ___.,komplex,simpel,oberflächlich,locker,komplex,Complex means multi-layered or involving many factors.,B2
Er hat eine große ___.,Verantwortung,Aufgabe,Pflicht,Schuld,Verantwortung,Refers to responsibility rather than simply a task.,B1
Sie hat mir einen guten ___ gegeben.,Hinweis,Rat,Idee,Vorschlag,Rat,'Rat geben' means to give advice.,A2
Das Projekt wurde ___.,umgesetzt,gemacht,gebaut,erzeugt,umgesetzt,Formal verb meaning implemented or executed.,B2
Die Lösung ist nicht ganz ___.,offensichtlich,klar,sichtbar,laut,offensichtlich,Means evident or self-evident.,B1
Wir müssen das Thema ___.,behandeln,nehmen,greifen,ziehen,behandeln,Formal verb meaning to deal with a topic.,B2
Seine Argumente sind sehr ___.,überzeugend,stark,laut,sicher,überzeugend,Arguments that persuade logically.,B2
Sie hat eine wichtige Rolle ___.,gespielt,gemacht,gehabt,gebaut,gespielt,Fixed expression: eine Rolle spielen.,A2
Das Unternehmen hat großen ___.,Gewinn,Erfolg,Vorteil,Nutzen,Erfolg,Success context rather than financial profit.,B1
Das ist eine ___ Frage.,schwierige,komplexe,zentrale,harte,zentrale,Means key or central to the issue.,B2
Wir sollten das Problem ___.,lösen,reparieren,fixieren,machen,lösen,Solve a problem intellectually.,A2
Das Ergebnis war sehr ___.,überraschend,plötzlich,neu,interessant,überraschend,Unexpected outcome.,B1
Er hat viel ___ gesammelt.,Erfahrung,Wissen,Kenntnis,Bildung,Erfahrung,Experience gained over time.,B1
Die Aufgabe war sehr ___.,schwierig,kompliziert,anspruchsvoll,mühsam,anspruchsvoll,"Implies the task requires high intellectual demand, not just difficulty.",B2
Wir müssen eine Entscheidung ___.,machen,treffen,bilden,nehmen,treffen,"Fixed German collocation: eine Entscheidung treffen.",A2
Das Problem ist ziemlich ___.,komplex,simpel,oberflächlich,locker,komplex,"Komplex describes something with multiple interacting elements.",B2
Er hat eine große ___.,Verantwortung,Aufgabe,Pflicht,Schuld,Verantwortung,"Verantwortung refers to responsibility for outcomes.",B1
Sie hat mir einen guten ___ gegeben.,Hinweis,Rat,Idee,Vorschlag,Rat,"'Rat geben' means to give advice.",A2
Das Projekt wurde ___.,umgesetzt,gemacht,gebaut,erzeugt,umgesetzt,"Umsetzen means implement or put into practice.",B2
Die Lösung ist nicht ganz ___.,offensichtlich,klar,sichtbar,laut,offensichtlich,"Offensichtlich means evident or obvious.",B1
Wir müssen das Thema ___.,behandeln,nehmen,greifen,ziehen,behandeln,"Behandeln means deal with or discuss a topic.",B2
Seine Argumente sind sehr ___.,überzeugend,stark,laut,sicher,überzeugend,"Überzeugend means persuasive or convincing.",B2
Sie hat eine wichtige Rolle ___.,gespielt,gemacht,gehabt,gebaut,gespielt,"Idiomatic phrase: eine Rolle spielen.",A2
Wir müssen eine Entscheidung.,Gewinn,Erfolg,Vorteil,Nutzen,Erfolg,"Erfolg refers to overall success rather than profit.",B1
Das ist eine ___ Frage.,schwierige,komplexe,zentrale,harte,zentrale,"Zentral means essential or key.",B2
Wir sollten das Problem ___.,lösen,reparieren,fixieren,machen,lösen,"Problems are solved (lösen), not repaired.",A2
Das Ergebnis ist sehr ___.,überraschend,plötzlich,neu,interessant,überraschend,"Überraschend means unexpected.",B1
Er hat viel ___ gesammelt.,Erfahrung,Wissen,Kenntnis,Bildung,Erfahrung,"Erfahrung means practical experience.",B1
Die Situation ist ___.,kritisch,gefährlich,schlecht,schwierig,kritisch,"Kritisch describes a dangerous or decisive situation.",B2
Sie hat einen Fehler ___.,gemacht,getan,gebaut,erstellt,gemacht,"Common collocation: einen Fehler machen.",A2
Wir haben einen Kompromiss ___.,gefunden,gesehen,gemacht,entwickelt,gefunden,"Idiom: einen Kompromiss finden.",B1
Das Thema wird oft ___.,diskutiert,gesprochen,gesagt,gefragt,diskutiert,"Diskutieren means debate or discuss.",B1
Er hat eine klare Meinung ___.,geäußert,gemacht,gesprochen,gesagt,geäußert,"Formal verb meaning to express an opinion.",B2
Der Bericht ist sehr ___.,ausführlich,lang,breit,groß,ausführlich,"Ausführlich means detailed and comprehensive.",B2
Wir müssen eine Lösung ___.,entwickeln,bauen,machen,setzen,entwickeln,"Develop a solution intellectually.",B1
Seine Erklärung war ___.,verständlich,sichtbar,hörbar,offen,verständlich,"Verständlich means easy to understand.",A2
Das war eine ___ Entscheidung.,mutige,große,starke,schwere,mutige,"Mutig means brave or courageous.",B2
Das Ergebnis war völlig ___.,unerwartet,neu,selten,fremd,unerwartet,"Unerwartet means not anticipated.",B1
Wir sollten das Thema ___.,vertiefen,drücken,halten,nehmen,vertiefen,"Vertiefen means examine in greater depth.",B2
Der Vortrag war sehr ___.,informativ,lang,ruhig,breit,informativ,"Informativ means full of useful information.",B1
Die Situation bleibt ___.,unklar,schwer,dunkel,leer,unklar,"Unklar means uncertain or unresolved.",B1
Er hat einen guten Eindruck ___.,hinterlassen,gemacht,gegeben,gebaut,hinterlassen,"Idiom: Eindruck hinterlassen.",B1
Wir haben einen Plan ___.,erstellt,gebaut,gefunden,genommen,erstellt,"Erstellen means create or prepare.",B1
Die Aufgabe ist ziemlich ___.,anspruchsvoll,stark,laut,offen,anspruchsvoll,"Implies intellectually demanding.",B2
Die Diskussion war ___.,intensiv,laut,schnell,schwer,intensiv,"Intensiv means deeply engaged or strong.",B2
Das Konzept wirkt sehr ___.,überzeugend,laut,sichtbar,groß,überzeugend,"Überzeugend means persuasive.",B2
Der Ansatz ist ___.,innovativ,neu,modern,selten,innovativ,"Innovativ means original and creative.",B2
Das Argument ist ___.,nachvollziehbar,klar,sichtbar,hörbar,nachvollziehbar,"Nachvollziehbar means logically understandable.",B2
Die Idee ist ___.,sinnvoll,logisch,gut,positiv,sinnvoll,"Sinnvoll means meaningful or sensible.",B1
Wir müssen das Problem ___.,analysieren,sehen,prüfen,suchen,analysieren,"Formal verb meaning to examine systematically.",B2
Die Ergebnisse sind ___.,bemerkenswert,groß,laut,hell,bemerkenswert,"Bemerkenswert means noteworthy.",B2
Seine Erklärung war ___.,präzise,genau,klar,richtig,präzise,"Präzise means exact and accurate.",B2
Das System ist sehr ___.,effizient,schnell,modern,gut,effizient,"Effizient means producing good results with little waste.",B2
Die Strategie ist ___.,langfristig,lang,groß,breit,langfristig,"Langfristig refers to long-term planning.",B2
Der Vorschlag klingt ___.,plausibel,logisch,klar,sichtbar,plausibel,"Plausibel means believable or reasonable.",B2
Das Konzept wirkt ___.,durchdacht,logisch,groß,stark,durchdacht,"Durchdacht means carefully thought out.",B2
Die Umsetzung war ___.,erfolgreich,gut,richtig,positiv,erfolgreich,"Successful implementation.",B1
Der Plan ist ___.,realistisch,möglich,klar,richtig,realistisch,"Realistisch means achievable.",B1
Die Analyse war ___.,gründlich,tief,stark,breit,gründlich,"Gründlich means thorough.",B2
Die Methode ist ___.,effektiv,gut,stark,schnell,effektiv,"Effektiv means producing intended results.",B2
Das Verhalten war ___.,angemessen,gut,richtig,klar,angemessen,"Angemessen means appropriate.",B2
Das Argument ist ___.,schlüssig,logisch,klar,gut,schlüssig,"Schlüssig means logically coherent.",C1
Die Idee ist ___.,originell,neu,modern,selten,originell,"Originell means original.",B2
Das Konzept wurde ___.,überarbeitet,gemacht,gebaut,verändert,überarbeitet,"Überarbeiten means revise or improve.",B2
Die Planung war ___.,sorgfältig,genau,gut,stark,sorgfältig,"Sorgfältig means done carefully.",B2
Die Reaktion war ___.,heftig,stark,laut,groß,heftig,"Heftig means intense.",B1
Das Verhalten wirkt ___.,merkwürdig,selten,neu,dunkel,merkwürdig,"Merkwürdig means strange or unusual.",B1
Die Lage bleibt ___.,kritisch,schwer,schlecht,dunkel,kritisch,"Kritisch describes serious risk.",B2
Die Kritik war durchaus ___.,berechtigt,erlaubt,sichtbar,korrekt,berechtigt,"Berechtigt means justified.",C1
Sein Verhalten wirkt ___.,befremdlich,selten,modern,deutlich,befremdlich,"Befremdlich means socially strange.",C1
Die These ist kaum ___.,haltbar,sichtbar,möglich,offen,haltbar,"Haltbar means intellectually sustainable.",C1
Die Aussage bleibt ___.,vage,leer,laut,offen,vage,"Vage means imprecise.",C1
Der Plan erwies sich als ___.,unrealistisch,selten,offen,sichtbar,unrealistisch,"Unrealistisch means impractical.",B2
Seine Argumentation ist ___.,widersprüchlich,laut,selten,stark,widersprüchlich,"Widersprüchlich means internally inconsistent.",C1
Die Reaktion war ___.,überzogen,stark,laut,deutlich,überzogen,"Überzogen means exaggerated.",C1
Das Urteil wirkt ___.,voreilig,schnell,laut,offen,voreilig,"Voreilig means premature.",C1
Die Lösung erscheint ___.,fragwürdig,selten,modern,deutlich,fragwürdig,"Fragwürdig means questionable.",C1
Der Vorschlag klingt ___.,plausibel,sichtbar,laut,selten,plausibel,"Plausibel means believable.",B2
Seine Darstellung ist ___.,verzerrt,laut,selten,sichtbar,verzerrt,"Verzerrt means distorted.",C1
Die Kritik bleibt ___.,oberflächlich,laut,selten,sichtbar,oberflächlich,"Oberflächlich means lacking depth.",B2
Das Konzept ist ___.,unausgereift,selten,modern,sichtbar,unausgereift,"Unausgereift means not fully developed.",C1
Die Situation wirkt ___.,unerquicklich,laut,selten,sichtbar,unerquicklich,"Unerquicklich means unpleasant.",C1
Seine Haltung erscheint ___.,ambivalent,laut,selten,sichtbar,ambivalent,"Ambivalent means mixed feelings.",C1
Der Ton war ___.,herablassend,laut,selten,sichtbar,herablassend,"Herablassend means condescending.",C1
Das Argument bleibt ___.,unzureichend,laut,selten,sichtbar,unzureichend,"Unzureichend means insufficient.",B2
Die Entwicklung ist ___.,bedenklich,laut,selten,sichtbar,bedenklich,"Bedenklich means worrying.",C1
Die Begründung erscheint ___.,schlüssig,laut,selten,sichtbar,schlüssig,"Logically consistent reasoning.",C1
Die Aussage wirkt ___.,übertrieben,laut,selten,sichtbar,übertrieben,"Übertrieben means exaggerated.",B2
Die Strategie ist ___.,kurzsichtig,laut,selten,sichtbar,kurzsichtig,"Kurzsichtig means lacking long-term vision.",C1
Seine Reaktion war ___.,unverhältnismäßig,laut,selten,sichtbar,unverhältnismäßig,"Disproportionate response.",C1
Die Entscheidung scheint ___.,nachvollziehbar,laut,selten,sichtbar,nachvollziehbar,"Understandable reasoning.",B2
Das Ergebnis wirkt ___.,ernüchternd,laut,selten,sichtbar,ernüchternd,"Ernüchternd means sobering.",C1
Seine Worte waren ___.,vieldeutig,laut,selten,sichtbar,vieldeutig,"Mehrdeutig or ambiguous.",C1
Die Lage bleibt ___.,angespannt,laut,selten,sichtbar,angespannt,"Tense situation.",B2
Der Ansatz erscheint ___.,vielversprechend,laut,selten,sichtbar,vielversprechend,"Vielversprechend means promising.",B2
Die Analyse bleibt ___.,lückenhaft,laut,selten,sichtbar,lückenhaft,"Incomplete analysis.",B2
Seine Erklärung wirkt ___.,fadenscheinig,laut,selten,sichtbar,fadenscheinig,"Weak or unconvincing justification.",C1
Die Aufgabe war sehr ___.,schwierig,kompliziert,anspruchsvoll,mühsam,anspruchsvoll,Implies the task requires high intellectual demand rather than simple difficulty.,B2
Wir müssen eine Entscheidung ___.,machen,treffen,bilden,nehmen,treffen,Fixed German collocation: eine Entscheidung treffen.,B1
Das Problem ist ziemlich ___.,komplex,simpel,oberflächlich,locker,komplex,Describes multi-layered difficulty not surface-level hardness.,B2
Er hat eine große ___.,Verantwortung,Aufgabe,Pflicht,Schuld,Verantwortung,Responsibility implies carrying weight of outcomes for others.,B2
Sie hat mir einen guten ___ gegeben.,Hinweis,Rat,Idee,Vorschlag,Rat,Rat means advice given in response to a personal situation.,B1
Das Projekt wurde ___.,umgesetzt,gemacht,gebaut,erzeugt,umgesetzt,Formal term for implementing or executing a plan.,B2
Die Lösung ist nicht ganz ___.,offensichtlich,klar,sichtbar,laut,offensichtlich,Offensichtlich means evidently clear to anyone observing.,B2
Wir müssen das Thema ___.,behandeln,nehmen,greifen,ziehen,behandeln,Behandeln means to deal with or address a topic formally.,B2
Seine Argumente sind sehr ___.,überzeugend,stark,laut,sicher,überzeugend,Überzeugend specifically means persuasive through reasoning.,B2
Sie hat eine wichtige Rolle ___.,gespielt,gemacht,gehabt,gebaut,gespielt,Fixed idiom: eine Rolle spielen – to play a role.,B2
Das Unternehmen hat einen großen ___.,Gewinn,Erfolg,Vorteil,Nutzen,Erfolg,Erfolg means success as an outcome of efforts.,B2
Das ist eine ___. Frage.,schwierige,komplexe,zentrale,harte,zentrale,Zentrale Frage means the core or key question at stake.,B1
Wir sollten das Problem ___.,lösen,reparieren,fixieren,machen,lösen,Lösen is the standard German verb for solving a problem.,B1
Das Ergebnis ist sehr ___.,überraschend,plötzlich,neu,interessant,überraschend,Überraschend means surprising as a quality of the result.,B2
Er hat viel ___. gesammelt.,Erfahrung,Wissen,Kenntnis,Bildung,Erfahrung,Erfahrung sammeln is the standard collocation for gaining experience.,B2
Die Situation ist ___.,kritisch,gefährlich,schlecht,schwierig,kritisch,Kritisch implies a turning point or serious evaluation needed.,B1
Sie hat einen Fehler ___.,gemacht,getan,gebaut,erstellt,gemacht,Einen Fehler machen is the fixed collocation for making a mistake.,B2
Wir haben einen Kompromiss ___.,gefunden,gesehen,gemacht,entwickelt,gefunden,Einen Kompromiss finden is the idiomatic expression.,B1
Das Thema wird oft ___.,diskutiert,gesprochen,gesagt,gefragt,diskutiert,Diskutieren is the correct verb for formal discussion of a topic.,B1
Er hat eine klare Meinung ___.,geäußert,gemacht,gesprochen,gesagt,geäußert,Äußern means to express formally; used with opinions.,B2
Der Bericht ist sehr ___.,ausführlich,lang,breit,groß,ausführlich,Ausführlich means detailed and thorough in content.,B2
Wir müssen eine Lösung ___.,entwickeln,bauen,machen,setzen,entwickeln,Eine Lösung entwickeln means to develop or devise a solution.,B2
Seine Erklärung war ___.,verständlich,sichtbar,hörbar,offen,verständlich,Verständlich means comprehensible and easy to follow.,B2
Das war eine ___. Entscheidung.,mutige,große,starke,schwere,mutige,Mutig describes a decision requiring courage.,B2
Das Ergebnis war völlig ___.,unerwartet,neu,selten,fremd,unerwartet,Völlig unerwartet means completely unexpected.,B2
Wir sollten das Thema ___.,vertiefen,drücken,halten,nehmen,vertiefen,Vertiefen means to deepen understanding of a topic.,B2
Der Vortrag war sehr ___.,informativ,lang,ruhig,breit,informativ,Informativ describes content-rich and educational presentations.,B2
Die Situation bleibt ___.,unklar,schwer,dunkel,leer,unklar,Unklar means ambiguous or not yet resolved.,B2
Er hat einen guten Eindruck ___.,hinterlassen,gemacht,gegeben,gebaut,hinterlassen,Einen Eindruck hinterlassen is the fixed idiom for leaving an impression.,B2
Wir haben einen Plan ___.,erstellt,gebaut,gefunden,genommen,erstellt,Einen Plan erstellen is the formal collocation for creating a plan.,C1
Die Aufgabe ist ziemlich ___.,anspruchsvoll,stark,laut,offen,anspruchsvoll,Anspruchsvoll means demanding in terms of skill or effort.,B2
Sie hat viel Talent ___.,gezeigt,gemacht,gebracht,gebaut,gezeigt,Talent zeigen means to demonstrate ability.,C1
Das Projekt wurde ___.,abgeschlossen,beendet,geschlossen,gemacht,abgeschlossen,Abschließen is the formal verb for completing a project.,B2
Die Diskussion war ___.,intensiv,laut,schnell,schwer,intensiv,Intensiv means deeply engaged and focused.,B1
Seine Meinung ist ___.,eindeutig,klar,fest,direkt,eindeutig,Eindeutig means unambiguous with no room for interpretation.,C1
Das Konzept wirkt sehr ___.,überzeugend,laut,sichtbar,groß,überzeugend,Überzeugend used with wirkt means the concept comes across persuasively.,B2
Der Ansatz ist ___.,innovativ,neu,modern,selten,innovativ,Innovativ describes a fresh approach that introduces new ideas.,B2
Das Argument ist ___.,nachvollziehbar,klar,sichtbar,hörbar,nachvollziehbar,Nachvollziehbar means logically followable step by step.,B2
Die Idee ist ___.,sinnvoll,logisch,gut,positiv,sinnvoll,Sinnvoll means purposeful and making practical sense.,B2
Wir müssen das Problem ___.,analysieren,sehen,prüfen,suchen,analysieren,Analysieren means to examine systematically in depth.,C1
Die Ergebnisse sind ___.,bemerkenswert,groß,laut,hell,bemerkenswert,Bemerkenswert means noteworthy or remarkable in quality.,B2
Seine Erklärung war ___.,präzise,genau,klar,richtig,präzise,Präzise implies exact wording with no vagueness.,C1
Das System ist sehr ___.,effizient,schnell,modern,gut,effizient,Effizient means achieving results with minimal waste of resources.,B2
Das Thema bleibt ___.,relevant,wichtig,groß,stark,relevant,Relevant means still applicable and worth discussing.,B2
Die Maßnahme war ___.,notwendig,wichtig,groß,richtig,notwendig,Notwendig means required or unavoidable given the situation.,C1
Die Entwicklung ist ___.,positiv,gut,klar,groß,positiv,Positiv describes a favourable direction of development.,B2
Die Strategie ist ___.,langfristig,lang,groß,breit,langfristig,Langfristig means oriented toward long-term outcomes.,C1
Der Vorschlag klingt ___.,plausibel,logisch,klar,sichtbar,plausibel,Plausibel means credible and reasonable on first hearing.,C1
Das Konzept wirkt ___.,durchdacht,logisch,groß,stark,durchdacht,Durchdacht means carefully thought through.,B2
Die Umsetzung war ___.,erfolgreich,gut,richtig,positiv,erfolgreich,Erfolgreich means the execution achieved its intended goal.,C1
Der Plan ist ___.,realistisch,möglich,klar,richtig,realistisch,Realistisch means grounded in achievable expectations.,B2
Die Aussage ist ___.,eindeutig,klar,sichtbar,offen,eindeutig,Eindeutig means leaving no room for multiple interpretations.,B2
Die Analyse war ___.,gründlich,tief,stark,breit,gründlich,Gründlich means thorough and exhaustive in examination.,B2
Das Argument erscheint ___.,überzeugend,klar,stark,gut,überzeugend,Erscheint überzeugend means the argument comes across as persuasive.,C1
Die Methode ist ___.,effektiv,gut,stark,schnell,effektiv,Effektiv means producing the desired result.,B2
Das Ergebnis bleibt ___.,unsicher,schwer,offen,dunkel,unsicher,Unsicher means the outcome is not yet certain.,B2
Die Idee wurde ___.,umgesetzt,gemacht,gebaut,entwickelt,umgesetzt,Umsetzen is the formal verb for implementing an idea.,B2
Die Diskussion verlief ___.,konstruktiv,gut,ruhig,offen,konstruktiv,Konstruktiv means productive and solution-oriented.,C1
Der Fehler ist ___.,offensichtlich,klar,sichtbar,laut,offensichtlich,Offensichtlich means the error is plain and obvious to all.,B2
Die Situation wirkt ___.,angespannt,schwer,laut,dunkel,angespannt,Angespannt means tense with underlying conflict or pressure.,C1
Die Entwicklung war ___.,überraschend,neu,groß,selten,überraschend,Überraschend describes a development no one anticipated.,B2
Die Lösung scheint ___.,praktikabel,gut,möglich,stark,praktikabel,Praktikabel means feasible and workable in practice.,B2
Das Verhalten war ___.,angemessen,gut,richtig,klar,angemessen,Angemessen means fitting and appropriate to the context.,C1
Das Argument ist ___.,schlüssig,logisch,klar,gut,schlüssig,Schlüssig means logically coherent with no gaps.,B2
Die Idee ist ___.,originell,neu,modern,selten,originell,Originell means genuinely creative and unlike existing ideas.,C1
Das Konzept wurde ___.,überarbeitet,gemacht,gebaut,verändert,überarbeitet,Überarbeiten means to revise and improve systematically.,B2
Die Entscheidung war ___.,nachvollziehbar,logisch,klar,sichtbar,nachvollziehbar,Nachvollziehbar means understandable given the reasoning provided.,C1
Die Planung war ___.,sorgfältig,genau,gut,stark,sorgfältig,Sorgfältig means careful and attentive to detail.,B2
Die Reaktion war ___.,heftig,stark,laut,groß,heftig,Heftig means intense and forceful as a reaction.,C1
Das Verhalten wirkt ___.,merkwürdig,selten,neu,dunkel,merkwürdig,Merkwürdig means peculiar or strange in a noticeable way.,C1
Die Lage bleibt ___.,kritisch,schwer,schlecht,dunkel,kritisch,Kritisch means the situation is at a serious or decisive stage.,B2
Die Aussage war ___.,deutlich,klar,laut,sichtbar,deutlich,Deutlich means clear and unambiguous in expression.,C1
Die Entscheidung fiel ___.,spontan,schnell,plötzlich,direkt,spontan,Spontan means made in the moment without prior planning.,C1
Der Bericht wirkt ___.,objektiv,klar,stark,sichtbar,objektiv,Objektiv means free from personal bias or opinion.,B2
Das System reagiert ___.,zuverlässig,gut,schnell,stark,zuverlässig,Zuverlässig means consistently dependable and trustworthy.,C1
Das Argument wirkt ___.,plausibel,logisch,klar,stark,plausibel,Wirkt plausibel means it comes across as credible.,B2
Die Methode erscheint ___.,sinnvoll,logisch,gut,stark,sinnvoll,Erscheint sinnvoll means the method seems purposeful and reasonable.,C1
Das Ergebnis bleibt ___.,offen,leer,dunkel,weit,offen,Offen means unresolved or not yet concluded.,B2
Die Lösung war ___.,kreativ,neu,modern,selten,kreativ,Kreativ means imaginative and inventive in approach.,B2
Die Analyse liefert ___.,Erkenntnisse,Ideen,Ergebnisse,Hinweise,Erkenntnisse,Erkenntnisse means insights gained through analysis.,C1
Das Konzept ist ___.,innovativ,neu,modern,selten,innovativ,Innovativ describes a concept that introduces genuinely new ideas.,B2
Der Vortrag war ___.,spannend,gut,laut,lang,spannend,Spannend means engaging and holding the audience's attention.,B2
Die Erklärung bleibt ___.,unverständlich,schwer,dunkel,leer,unverständlich,Unverständlich means incomprehensible and hard to follow.,C1
Das Verhalten wirkt ___.,seltsam,neu,selten,dunkel,seltsam,Seltsam means strange or odd in a noticeable way.,B2
Die Entwicklung scheint ___.,stabil,ruhig,stark,fest,stabil,Stabil means steady and not likely to change.,B2
Die Aussage ist ___.,fragwürdig,schwer,dunkel,selten,fragwürdig,Fragwürdig means questionable or of doubtful validity.,C1
Das Konzept bleibt ___.,theoretisch,neu,modern,selten,theoretisch,Theoretisch means it exists only in theory and lacks practical application.,B2
Die Idee wurde ___.,weiterentwickelt,gemacht,gebaut,verändert,weiterentwickelt,Weiterentwickeln means to develop something further from an existing base.,C1
Der Vorschlag war ___.,hilfreich,gut,klar,stark,hilfreich,Hilfreich means genuinely useful and beneficial.,B1
Die Strategie wirkt ___.,überzeugend,klar,logisch,stark,überzeugend,Wirkt überzeugend means the strategy comes across as persuasive.,B2
Das Argument bleibt ___.,unklar,dunkel,leer,schwer,unklar,Unklar means the argument lacks clarity and is not well defined.,B2
Die Methode wurde ___.,angepasst,verändert,gemacht,gebaut,angepasst,Anpassen means to adapt to fit new requirements.,B2
Das Verhalten bleibt ___.,rätselhaft,neu,selten,dunkel,rätselhaft,Rätselhaft means mysterious and puzzling without clear explanation.,C1
Die Idee erscheint ___.,interessant,neu,modern,selten,interessant,Interessant means worthy of attention and curiosity.,B1
Die Entwicklung wirkt ___.,dynamisch,stark,schnell,groß,dynamisch,Dynamisch means rapidly changing and full of energy.,C1
Die Diskussion blieb ___.,sachlich,ruhig,klar,offen,sachlich,Sachlich means factual and objective without emotional bias.,C1
Das Ergebnis bleibt ___.,vorläufig,neu,selten,offen,vorläufig,Vorläufig means provisional and subject to change.,C1
Die Aussage ist ___.,überzeugend,klar,logisch,stark,überzeugend,Überzeugend means the statement is persuasive and compelling.,B2
Das Konzept wirkt ___.,schlüssig,logisch,klar,gut,schlüssig,Schlüssig means logically consistent with no contradictions.,C1
Die Analyse liefert ___.,Einblicke,Ideen,Hinweise,Ergebnisse,Einblicke,Einblicke means insights that reveal deeper understanding.,C1
Die Kritik war durchaus ___.,berechtigt,erlaubt,sichtbar,korrekt,berechtigt,Berechtigt means justified and warranted given the circumstances.,C1
Sein Verhalten wirkt ___.,befremdlich,selten,modern,deutlich,befremdlich,Befremdlich means socially strange or off-putting.,C1
Die These ist kaum ___.,haltbar,sichtbar,möglich,offen,haltbar,Haltbar means intellectually sustainable or defensible.,C1
Die Aussage bleibt ___.,vage,leer,laut,offen,vage,Vage means imprecise and lacking specific detail.,C1
Der Plan erwies sich als ___.,unrealistisch,selten,offen,sichtbar,unrealistisch,Unrealistisch means not achievable given real-world constraints.,B2
Die Argumentation ist ___.,widersprüchlich,laut,selten,stark,widersprüchlich,Widersprüchlich means internally inconsistent and self-contradictory.,C1
Die Reaktion war ___.,überzogen,stark,laut,deutlich,überzogen,Überzogen means excessive and disproportionate to the situation.,C1
Das Urteil wirkt ___.,voreilig,schnell,laut,offen,voreilig,Voreilig means premature and made without sufficient consideration.,C1
Die Lösung erscheint ___.,fragwürdig,selten,modern,deutlich,fragwürdig,Fragwürdig means the solution is questionable and unreliable.,C1
Der Vorschlag klingt ___.,plausibel,sichtbar,laut,selten,plausibel,Plausibel means believable and based on sound reasoning.,C1
Seine Darstellung ist ___.,verzerrt,laut,selten,sichtbar,verzerrt,Verzerrt means distorted and not accurately representing reality.,C1
Die Kritik bleibt ___.,oberflächlich,laut,selten,sichtbar,oberflächlich,Oberflächlich means lacking depth and not addressing the core issues.,B2
Das Konzept ist ___.,unausgereift,selten,modern,sichtbar,unausgereift,Unausgereift means not fully developed or still immature.,C1
Die Situation wirkt ___.,unerquicklich,laut,selten,sichtbar,unerquicklich,Unerquicklich means unpleasant and unsatisfying.,C1
Seine Haltung erscheint ___.,ambivalent,laut,selten,sichtbar,ambivalent,Ambivalent means having mixed or contradictory feelings.,C1
Der Ton war ___.,herablassend,laut,selten,sichtbar,herablassend,Herablassend means condescending and dismissive of others.,C1
Das Argument bleibt ___.,unzureichend,laut,selten,sichtbar,unzureichend,Unzureichend means insufficient to support the claim.,C1
Die Entwicklung ist ___.,bedenklich,laut,selten,sichtbar,bedenklich,Bedenklich means concerning and giving cause for worry.,C1
Die Begründung erscheint ___.,schlüssig,laut,selten,sichtbar,schlüssig,Schlüssig means logically coherent and well-reasoned.,C1
Die Aussage wirkt ___.,übertrieben,laut,selten,sichtbar,übertrieben,Übertrieben means exaggerated beyond what is accurate.,B2
Die Strategie ist ___.,kurzsichtig,laut,selten,sichtbar,kurzsichtig,Kurzsichtig means lacking foresight and focused only on the short term.,C1
Die Reaktion war ___.,unverhältnismäßig,laut,selten,sichtbar,unverhältnismäßig,Unverhältnismäßig means disproportionate to the trigger.,C1
Die Entscheidung scheint ___.,nachvollziehbar,laut,selten,sichtbar,nachvollziehbar,Nachvollziehbar means understandable given the context.,C1
Das Ergebnis wirkt ___.,ernüchternd,laut,selten,sichtbar,ernüchternd,Ernüchternd means sobering or disappointingly below expectations.,C1
Seine Worte waren ___.,vieldeutig,laut,selten,sichtbar,vieldeutig,Vieldeutig means ambiguous with multiple possible meanings.,C1
Die Lage bleibt ___.,angespannt,laut,selten,sichtbar,angespannt,Angespannt means tense with underlying pressure.,C1
Der Ansatz erscheint ___.,vielversprechend,laut,selten,sichtbar,vielversprechend,Vielversprechend means promising and showing great potential.,C1
Die Analyse bleibt ___.,lückenhaft,laut,selten,sichtbar,lückenhaft,Lückenhaft means incomplete with noticeable gaps.,C1
Seine Erklärung wirkt ___.,fadenscheinig,laut,selten,sichtbar,fadenscheinig,Fadenscheinig means a weak justification that is easy to see through.,C1
Die Reaktion erscheint ___.,nachvollziehbar,laut,selten,sichtbar,nachvollziehbar,Nachvollziehbar means a reasonable reaction given the facts.,C1
Die These bleibt ___.,umstritten,laut,selten,sichtbar,umstritten,Umstritten means controversial and disputed among experts.,C1
Das Verhalten wirkt ___.,befremdlich,laut,selten,sichtbar,befremdlich,Befremdlich means socially odd and unsettling.,C1
Die Kritik erscheint ___.,berechtigt,laut,selten,sichtbar,berechtigt,Berechtigt means justified and valid.,C1
Der Vorschlag bleibt ___.,unpraktisch,laut,selten,sichtbar,unpraktisch,Unpraktisch means impractical and hard to implement.,B2
Seine Haltung ist ___.,konsequent,laut,selten,sichtbar,konsequent,Konsequent means consistent and following a clear principle.,B2
Das Urteil erscheint ___.,voreingenommen,laut,selten,sichtbar,voreingenommen,Voreingenommen means biased and influenced by prior judgement.,C1
Die Reaktion war ___.,heftig,laut,selten,sichtbar,heftig,Heftig means intense and forceful as an emotional reaction.,B2
Die Erklärung wirkt ___.,überzeugend,laut,selten,sichtbar,überzeugend,Überzeugend means the explanation comes across as convincing.,B2
Das Konzept erscheint ___.,durchdacht,laut,selten,sichtbar,durchdacht,Durchdacht means carefully considered and well thought out.,C1
Die Lage ist ___.,prekär,laut,selten,sichtbar,prekär,Prekär means precarious and unstable.,C1
Seine Kritik war ___.,vernichtend,laut,selten,sichtbar,vernichtend,Vernichtend means devastating and utterly damaging.,C1
Die Entscheidung wirkt ___.,nachvollziehbar,laut,selten,sichtbar,nachvollziehbar,Nachvollziehbar means understandable step by step.,C1
Das Argument bleibt ___.,zweifelhaft,laut,selten,sichtbar,zweifelhaft,Zweifelhaft means doubtful and open to question.,B2
Die Reaktion erscheint ___.,überraschend,laut,selten,sichtbar,überraschend,Überraschend means unexpected given the circumstances.,C1
Seine Haltung wirkt ___.,kompromisslos,laut,selten,sichtbar,kompromisslos,Kompromisslos means unwilling to compromise.,C1
Die These bleibt ___.,spekulativ,laut,selten,sichtbar,spekulativ,Spekulativ means based on speculation rather than evidence.,C1
Der Plan erscheint ___.,gewagt,laut,selten,sichtbar,gewagt,Gewagt means risky and bold.,B2
Die Erklärung bleibt ___.,unklar,laut,selten,sichtbar,unklar,Unklar means unclear and not well explained.,C1
Seine Worte wirken ___.,bedeutungsvoll,laut,selten,sichtbar,bedeutungsvoll,Bedeutungsvoll means meaningful and carrying significant weight.,B2
Das Konzept ist ___.,innovativ,laut,selten,sichtbar,innovativ,Innovativ means novel and introducing new approaches.,B2
Die Entwicklung bleibt ___.,ungewiss,laut,selten,sichtbar,ungewiss,Ungewiss means uncertain with an unclear future.,B2
Seine Kritik wirkt ___.,konstruktiv,laut,selten,sichtbar,konstruktiv,Konstruktiv means helpful criticism aimed at improvement.,C1
Die Reaktion erscheint ___.,nachvollziehbar,laut,selten,sichtbar,nachvollziehbar,Nachvollziehbar means logical and understandable.,C1
Das Ergebnis wirkt ___.,ernüchternd,laut,selten,sichtbar,ernüchternd,Ernüchternd means sobering as an outcome.,C1
Seine Erklärung bleibt ___.,unbefriedigend,laut,selten,sichtbar,unbefriedigend,Unbefriedigend means unsatisfying and failing to address the issue.,B2
Die These wirkt ___.,überzeugend,laut,selten,sichtbar,überzeugend,Überzeugend means convincing and well-argued.,C1
Die Situation bleibt ___.,kritisch,laut,selten,sichtbar,kritisch,Kritisch means at a dangerous or decisive point.,C1
Die Kritik erscheint ___.,überzogen,laut,selten,sichtbar,überzogen,Überzogen means exaggerated and beyond what is fair.,B2
Der Vorschlag bleibt ___.,unrealistisch,laut,selten,sichtbar,unrealistisch,Unrealistisch means impractical and not achievable.,C1
Seine Worte wirken ___.,vielsagend,laut,selten,sichtbar,vielsagend,Vielsagend means implicitly meaningful and suggestive.,B2
Die Analyse bleibt ___.,oberflächlich,laut,selten,sichtbar,oberflächlich,Oberflächlich means shallow and lacking depth.,C1
Die Reaktion erscheint ___.,unangemessen,laut,selten,sichtbar,unangemessen,Unangemessen means inappropriate and disproportionate.,B2
Die Lage wirkt ___.,instabil,laut,selten,sichtbar,instabil,Instabil means unstable and likely to deteriorate.,C1
Die Erklärung erscheint ___.,plausibel,laut,selten,sichtbar,plausibel,Plausibel means credible and reasonable.,C1
Das Konzept bleibt ___.,theoretisch,laut,selten,sichtbar,theoretisch,Theoretisch means not practical and only existing in theory.,C1
Die Reaktion war ___.,impulsiv,laut,selten,sichtbar,impulsiv,Impulsiv means spontaneous and driven by emotion.,B2
Die Situation wirkt ___.,unerquicklich,laut,selten,sichtbar,unerquicklich,Unerquicklich means unpleasant and disagreeable.,C1
Die Kritik erscheint ___.,berechtigt,laut,selten,sichtbar,berechtigt,Berechtigt means justified and valid criticism.,B2
Das Urteil wirkt ___.,hart,laut,selten,sichtbar,hart,Hart means harsh as a judgement.,C1


